accesskit	0.24.1	MIT OR Apache-2.0
adler2	2.0.1	0BSD OR MIT OR Apache-2.0
ahash	0.8.12	MIT OR Apache-2.0
arboard	3.6.1	MIT OR Apache-2.0
arrayvec	0.7.8	MIT OR Apache-2.0
as-raw-xcb-connection	1.0.1	MIT OR Apache-2.0
autocfg	1.5.1	Apache-2.0 OR MIT
bit-set	0.10.0	Apache-2.0 OR MIT
bit-vec	0.9.1	Apache-2.0 OR MIT
bitflags	2.13.1	MIT OR Apache-2.0
bytemuck	1.25.2	Zlib OR Apache-2.0 OR MIT
bytemuck_derive	1.12.0	Zlib OR Apache-2.0 OR MIT
byteorder-lite	0.1.0	Unlicense OR MIT
calloop	0.13.0	MIT
calloop	0.14.4	MIT
calloop-wayland-source	0.3.0	MIT
calloop-wayland-source	0.4.1	MIT
cc	1.4.5	MIT OR Apache-2.0
cfg-if	1.0.4	MIT OR Apache-2.0
cfg_aliases	0.2.2	MIT
codespan-reporting	0.13.1	Apache-2.0
color	0.3.3	Apache-2.0 OR MIT
color_quant	1.1.0	MIT
crc32fast	1.5.2	MIT OR Apache-2.0
cursor-icon	1.2.0	MIT OR Apache-2.0 OR Zlib
dlib	0.5.3	MIT
document-features	0.2.12	MIT OR Apache-2.0
downcast-rs	1.2.1	MIT/Apache-2.0
dpi	0.1.2	Apache-2.0 AND MIT
ecolor	0.36.2	MIT OR Apache-2.0
eframe	0.36.2	MIT OR Apache-2.0
egui	0.36.2	MIT OR Apache-2.0
egui-wgpu	0.36.2	MIT OR Apache-2.0
egui-winit	0.36.2	MIT OR Apache-2.0
egui_glow	0.36.2	MIT OR Apache-2.0
either	1.18.0	MIT OR Apache-2.0
emath	0.36.2	MIT OR Apache-2.0
epaint	0.36.2	MIT OR Apache-2.0
epaint_default_fonts	0.36.2	(MIT OR Apache-2.0) AND OFL-1.1 AND Ubuntu-font-1.0
equivalent	1.0.2	Apache-2.0 OR MIT
errno	0.3.14	MIT OR Apache-2.0
euclid	0.22.14	MIT OR Apache-2.0
fax	0.2.7	MIT
fdeflate	0.3.7	MIT OR Apache-2.0
fearless_simd	0.4.1	Apache-2.0 OR MIT
find-msvc-tools	0.1.12	MIT OR Apache-2.0
flate2	1.1.10	MIT OR Apache-2.0
foldhash	0.2.0	Zlib
font-types	0.12.5	MIT OR Apache-2.0
gethostname	1.1.0	Apache-2.0
getrandom	0.3.4	MIT OR Apache-2.0
gif	0.14.2	MIT OR Apache-2.0
gl_generator	0.14.0	Apache-2.0
glifo	0.2.0	Apache-2.0 OR MIT
glow	0.17.0	MIT OR Apache-2.0 OR Zlib
glutin	0.32.3	Apache-2.0
glutin-winit	0.5.0	MIT
glutin_egl_sys	0.7.1	Apache-2.0
glutin_glx_sys	0.6.1	Apache-2.0
guillotiere	0.7.0	MIT/Apache-2.0
half	2.7.1	MIT OR Apache-2.0
harfrust	0.12.0	MIT
hashbrown	0.17.1	MIT OR Apache-2.0
image	0.25.10	MIT OR Apache-2.0
image-webp	0.2.4	MIT OR Apache-2.0
indexmap	2.14.2	Apache-2.0 OR MIT
itertools	0.15.0	MIT OR Apache-2.0
itoa	1.0.18	MIT OR Apache-2.0
jobserver	0.1.35	MIT OR Apache-2.0
khronos_api	3.1.0	Apache-2.0
kurbo	0.13.1	Apache-2.0 OR MIT
libc	0.2.189	MIT OR Apache-2.0
libloading	0.8.9	ISC
libm	0.2.16	MIT
linebender_resource_handle	0.1.1	Apache-2.0 OR MIT
linux-raw-sys	0.12.1	Apache-2.0 WITH LLVM-exception OR Apache-2.0 OR MIT
linux-raw-sys	0.4.15	Apache-2.0 WITH LLVM-exception OR Apache-2.0 OR MIT
litrs	1.0.0	MIT OR Apache-2.0
lock_api	0.4.14	MIT OR Apache-2.0
log	0.4.34	MIT OR Apache-2.0
memchr	2.8.3	Unlicense OR MIT
memmap2	0.9.11	MIT OR Apache-2.0
miniz_oxide	0.8.9	MIT OR Zlib OR Apache-2.0
miniz_oxide	0.9.1	MIT OR Zlib OR Apache-2.0
moxcms	0.8.1	BSD-3-Clause OR Apache-2.0
naga	30.0.1	MIT OR Apache-2.0
naga-types	30.0.1	MIT OR Apache-2.0
nohash-hasher	0.2.0	Apache-2.0 OR MIT
num-traits	0.2.19	MIT OR Apache-2.0
once_cell	1.21.4	MIT OR Apache-2.0
parking_lot	0.12.5	MIT OR Apache-2.0
parking_lot_core	0.9.12	MIT OR Apache-2.0
peniko	0.6.1	Apache-2.0 OR MIT
percent-encoding	2.3.2	MIT OR Apache-2.0
pin-project-lite	0.2.17	Apache-2.0 OR MIT
pkg-config	0.3.34	MIT OR Apache-2.0
png	0.18.1	MIT OR Apache-2.0
polling	3.11.0	Apache-2.0 OR MIT
polycool	0.4.0	MIT OR Apache-2.0
proc-macro2	1.0.107	MIT OR Apache-2.0
profiling	1.0.18	MIT OR Apache-2.0
pxfm	0.1.30	BSD-3-Clause OR Apache-2.0
quick-error	2.0.1	MIT/Apache-2.0
quick-xml	0.41.0	MIT
quote	1.0.47	MIT OR Apache-2.0
raw-window-handle	0.6.2	MIT OR Apache-2.0 OR Zlib
read-fonts	0.41.0	MIT OR Apache-2.0
renderdoc-sys	1.1.0	MIT OR Apache-2.0
rustc-hash	1.1.0	Apache-2.0/MIT
rustc-hash	2.1.3	Apache-2.0 OR MIT
rustix	0.38.44	Apache-2.0 WITH LLVM-exception OR Apache-2.0 OR MIT
rustix	1.1.4	Apache-2.0 WITH LLVM-exception OR Apache-2.0 OR MIT
scoped-tls	1.0.1	MIT/Apache-2.0
scopeguard	1.2.0	MIT OR Apache-2.0
self_cell	1.3.0	Apache-2.0 OR GPL-2.0-only
serde	1.0.229	MIT OR Apache-2.0
serde_core	1.0.229	MIT OR Apache-2.0
serde_json	1.0.151	MIT OR Apache-2.0
shlex	2.0.1	MIT OR Apache-2.0
simd-adler32	0.3.10	MIT
skrifa	0.44.0	MIT OR Apache-2.0
slab	0.4.12	MIT
smallvec	1.16.1	MIT OR Apache-2.0
smithay-client-toolkit	0.19.2	MIT
smithay-client-toolkit	0.20.0	MIT
smithay-clipboard	0.7.3	MIT
smol_str	0.2.2	MIT OR Apache-2.0
static_assertions	1.1.0	MIT OR Apache-2.0
syn	2.0.119	MIT OR Apache-2.0
syn	3.0.5	MIT OR Apache-2.0
thiserror	1.0.69	MIT OR Apache-2.0
thiserror	2.0.20	MIT OR Apache-2.0
thiserror-impl	1.0.69	MIT OR Apache-2.0
thiserror-impl	2.0.20	MIT OR Apache-2.0
tiff	0.11.3	MIT
tracing	0.1.44	MIT
tracing-core	0.1.36	MIT
type-map	0.5.1	MIT/Apache-2.0
unicode-general-category	1.1.0	Apache-2.0
unicode-ident	1.0.24	(MIT OR Apache-2.0) AND Unicode-3.0
unicode-segmentation	1.13.3	MIT OR Apache-2.0
unicode-width	0.2.2	MIT OR Apache-2.0
uuid	1.26.0	Apache-2.0 OR MIT
vello_common	0.1.0	Apache-2.0 OR MIT
vello_cpu	0.1.0	Apache-2.0 OR MIT
version_check	0.9.5	MIT/Apache-2.0
wayland-backend	0.3.17	MIT
wayland-client	0.31.15	MIT
wayland-csd-frame	0.3.0	MIT
wayland-cursor	0.31.14	MIT
wayland-protocols	0.32.13	MIT
wayland-protocols-experimental	20250721.0.1	MIT
wayland-protocols-misc	0.3.12	MIT
wayland-protocols-plasma	0.3.12	MIT
wayland-protocols-wlr	0.3.12	MIT
wayland-scanner	0.31.11	MIT
wayland-sys	0.31.11	MIT
web-time	1.1.0	MIT OR Apache-2.0
weezl	0.1.12	MIT OR Apache-2.0
wgpu	30.0.1	MIT OR Apache-2.0
wgpu-core	30.0.1	MIT OR Apache-2.0
wgpu-core-deps-windows-linux-android	30.0.1	MIT OR Apache-2.0
wgpu-hal	30.0.1	MIT OR Apache-2.0
wgpu-naga-bridge	30.0.1	MIT OR Apache-2.0
wgpu-types	30.0.1	MIT OR Apache-2.0
winit	0.30.13	Apache-2.0
x11-dl	2.21.0	MIT
x11rb	0.13.2	MIT OR Apache-2.0
x11rb-protocol	0.13.2	MIT OR Apache-2.0
xcursor	0.3.11	MIT
xkbcommon-dl	0.4.2	MIT
xkeysym	0.2.1	MIT OR Apache-2.0 OR Zlib
xml-rs	0.8.29	MIT
zerocopy	0.8.57	BSD-2-Clause OR Apache-2.0 OR MIT
zerocopy-derive	0.8.57	BSD-2-Clause OR Apache-2.0 OR MIT
zlib-rs	0.6.7	Zlib
zmij	1.0.23	MIT
zune-core	0.5.3	MIT OR Apache-2.0 OR Zlib
zune-jpeg	0.5.15	MIT OR Apache-2.0 OR Zlib
